{"cameraMode":{"drawMode":0,"name":"Shaded","section":"Shading Mode"},"sceneLighting":false,"audioPlay":false,"sceneViewState":{"showFog":true,"showMaterialUpdate":false,"showSkybox":false,"showFlares":true,"showImageEffects":false,"showParticleSystems":true},"in2DMode":false,"pivot":{"x":-7.058955192565918,"y":3.324970245361328,"z":-93.58707427978516},"rotation":{"x":-0.11779239028692246,"y":-0.7426968812942505,"z":0.1356123387813568,"w":-0.6451178193092346},"size":130.9840545654297,"orthographic":false}