{"cameraMode":{"drawMode":0,"name":"Shaded","section":"Shading Mode"},"sceneLighting":true,"audioPlay":false,"sceneViewState":{"showFog":true,"showMaterialUpdate":false,"showSkybox":true,"showFlares":true,"showImageEffects":false,"showParticleSystems":true},"in2DMode":false,"pivot":{"x":-6.2022294998168949,"y":181.64752197265626,"z":-39.25069808959961},"rotation":{"x":-0.35511496663093569,"y":-0.6137475967407227,"z":0.359214186668396,"w":-0.6068127751350403},"size":32.247108459472659,"orthographic":false}