{"cameraMode":{"drawMode":0,"name":"Shaded","section":"Shading Mode"},"sceneLighting":false,"audioPlay":false,"sceneViewState":{"showFog":true,"showMaterialUpdate":false,"showSkybox":false,"showFlares":true,"showImageEffects":false,"showParticleSystems":true},"in2DMode":false,"pivot":{"x":-0.8000001907348633,"y":30.314361572265626,"z":9.140000343322754},"rotation":{"x":0.1602960079908371,"y":0.6333218812942505,"z":-0.13648957014083863,"w":0.7448281645774841},"size":28.05282974243164,"orthographic":false}