{"cameraMode":{"drawMode":0,"name":"Shaded","section":"Shading Mode"},"sceneLighting":false,"audioPlay":false,"sceneViewState":{"showFog":true,"showMaterialUpdate":false,"showSkybox":false,"showFlares":true,"showImageEffects":false,"showParticleSystems":true},"in2DMode":false,"pivot":{"x":-36.58796691894531,"y":-3.4133028984069826,"z":5.296670436859131},"rotation":{"x":-0.017894256860017778,"y":-0.979738175868988,"z":0.10692229121923447,"w":-0.1695915162563324},"size":25.593713760375978,"orthographic":false}