{"cameraMode":{"drawMode":0,"name":"Shaded","section":"Shading Mode"},"sceneLighting":false,"audioPlay":false,"sceneViewState":{"showFog":true,"showMaterialUpdate":false,"showSkybox":false,"showFlares":true,"showImageEffects":false,"showParticleSystems":true},"in2DMode":false,"pivot":{"x":-6.563418865203857,"y":4.570000171661377,"z":-49.990074157714847},"rotation":{"x":0.3093656301498413,"y":-0.42757439613342287,"z":0.15779075026512147,"w":0.8348434567451477},"size":37.12089157104492,"orthographic":false}