{"cameraMode":{"drawMode":0,"name":"Shaded","section":"Shading Mode"},"sceneLighting":false,"audioPlay":false,"sceneViewState":{"showFog":true,"showMaterialUpdate":false,"showSkybox":false,"showFlares":true,"showImageEffects":false,"showParticleSystems":true},"in2DMode":false,"pivot":{"x":1.406639575958252,"y":1.844634771347046,"z":0.5802175402641296},"rotation":{"x":0.2894251346588135,"y":-0.6262481212615967,"z":0.2698400020599365,"w":0.6718148589134216},"size":3.6159636974334719,"orthographic":false}