{"cameraMode":{"drawMode":0,"name":"Shaded","section":"Shading Mode"},"sceneLighting":true,"audioPlay":false,"sceneViewState":{"showFog":true,"showMaterialUpdate":false,"showSkybox":true,"showFlares":true,"showImageEffects":false,"showParticleSystems":true},"in2DMode":false,"pivot":{"x":-183.9711151123047,"y":-247.45916748046876,"z":715.74365234375},"rotation":{"x":0.17345480620861054,"y":-0.12578237056732179,"z":0.02258814498782158,"w":0.9766111969947815},"size":903.5477294921875,"orthographic":false}