{"cameraMode":{"drawMode":0,"name":"Shaded","section":"Shading Mode"},"sceneLighting":false,"audioPlay":false,"sceneViewState":{"showFog":true,"showMaterialUpdate":false,"showSkybox":false,"showFlares":true,"showImageEffects":false,"showParticleSystems":true},"in2DMode":false,"pivot":{"x":17.170000076293947,"y":2.1800003051757814,"z":12.260000228881836},"rotation":{"x":-0.40739160776138308,"y":-0.5046983957290649,"z":0.29247936606407168,"w":-0.7027670741081238},"size":5.715779781341553,"orthographic":false}